{"cameraMode":{"drawMode":0,"name":"Shaded","section":"Shading Mode"},"sceneLighting":true,"audioPlay":false,"sceneViewState":{"showFog":true,"showMaterialUpdate":false,"showSkybox":true,"showFlares":true,"showImageEffects":true,"showParticleSystems":true},"in2DMode":false,"pivot":{"x":0.9966278076171875,"y":1.343017578125,"z":-1.79296875},"rotation":{"x":0.06595179438591004,"y":0.002996383234858513,"z":-0.00016038987087085843,"w":0.9978182911872864},"size":14.1043062210083,"orthographic":true}