{"cameraMode":{"drawMode":0,"name":"Shaded","section":"Shading Mode"},"sceneLighting":true,"audioPlay":false,"sceneViewState":{"showFog":true,"showMaterialUpdate":false,"showSkybox":true,"showFlares":true,"showImageEffects":true,"showParticleSystems":true},"in2DMode":false,"pivot":{"x":-0.764862060546875,"y":0.8671875,"z":-2.9091796875},"rotation":{"x":0.6365308165550232,"y":0.003211736446246505,"z":-0.002703725127503276,"w":0.7712398767471314},"size":15.55578327178955,"orthographic":true}