{"cameraMode":{"drawMode":0,"name":"Shaded","section":"Shading Mode"},"sceneLighting":true,"audioPlay":false,"sceneViewState":{"showFog":true,"showMaterialUpdate":false,"showSkybox":true,"showFlares":true,"showImageEffects":true,"showParticleSystems":true},"in2DMode":false,"pivot":{"x":-3.4342308044433595,"y":-4.162109375,"z":-0.158935546875},"rotation":{"x":0.6844779253005981,"y":0.004376583732664585,"z":-0.00410863570868969,"w":0.7290088534355164},"size":16.52869415283203,"orthographic":true}