{"cameraMode":{"drawMode":0,"name":"Shaded","section":"Shading Mode"},"sceneLighting":true,"audioPlay":false,"sceneViewState":{"showFog":true,"showMaterialUpdate":false,"showSkybox":true,"showFlares":true,"showImageEffects":true,"showParticleSystems":true},"in2DMode":false,"pivot":{"x":0.722625732421875,"y":0.60791015625,"z":0.447265625},"rotation":{"x":-0.05996240675449371,"y":-0.007487819995731115,"z":-0.00042348806164227426,"w":0.9981724619865418},"size":10.914687156677246,"orthographic":true}