{"cameraMode":{"drawMode":0,"name":"Shaded","section":"Shading Mode"},"sceneLighting":true,"audioPlay":false,"sceneViewState":{"showFog":true,"showMaterialUpdate":false,"showSkybox":true,"showFlares":true,"showImageEffects":true,"showParticleSystems":true},"in2DMode":false,"pivot":{"x":1.77313232421875,"y":2.8173828125,"z":3.552734375},"rotation":{"x":0.11344175040721894,"y":-0.008349361829459668,"z":-0.0009538896847516298,"w":-0.9935091137886047},"size":15.898480415344239,"orthographic":true}