{"cameraMode":{"drawMode":0,"name":"Shaded","section":"Shading Mode"},"sceneLighting":true,"audioPlay":false,"sceneViewState":{"showFog":true,"showMaterialUpdate":false,"showSkybox":true,"showFlares":true,"showImageEffects":true,"showParticleSystems":true},"in2DMode":false,"pivot":{"x":9.913257598876954,"y":3.681640625,"z":1.9671630859375},"rotation":{"x":0.6739066243171692,"y":0.004236506763845682,"z":-0.0038010571151971819,"w":0.7387946844100952},"size":14.190831184387207,"orthographic":true}