{"cameraMode":{"drawMode":0,"name":"Shaded","section":"Shading Mode"},"sceneLighting":true,"audioPlay":false,"sceneViewState":{"showFog":true,"showMaterialUpdate":false,"showSkybox":true,"showFlares":true,"showImageEffects":true,"showParticleSystems":true},"in2DMode":false,"pivot":{"x":0.5751419067382813,"y":-1.869140625,"z":1.275390625},"rotation":{"x":0.6089843511581421,"y":0.014274979010224343,"z":-0.01096748374402523,"w":0.7929779887199402},"size":12.168318748474121,"orthographic":true}