{"cameraMode":{"drawMode":0,"name":"Shaded","section":"Shading Mode"},"sceneLighting":true,"audioPlay":false,"sceneViewState":{"showFog":true,"showMaterialUpdate":false,"showSkybox":true,"showFlares":true,"showImageEffects":true,"showParticleSystems":true},"in2DMode":false,"pivot":{"x":2.502105712890625,"y":0.455078125,"z":-0.4453125},"rotation":{"x":-0.08688934892416,"y":0.0044824811629951,"z":0.00039364767144434154,"w":0.9962078332901001},"size":11.819722175598145,"orthographic":true}