{"cameraMode":{"drawMode":0,"name":"Shaded","section":"Shading Mode"},"sceneLighting":true,"audioPlay":false,"sceneViewState":{"showFog":true,"showMaterialUpdate":false,"showSkybox":true,"showFlares":true,"showImageEffects":true,"showParticleSystems":true},"in2DMode":false,"pivot":{"x":-2.053304672241211,"y":-0.958984375,"z":1.2012939453125},"rotation":{"x":0.555931568145752,"y":-0.005259472411125898,"z":0.003475676290690899,"w":0.8312041759490967},"size":20.791610717773439,"orthographic":true}