{"cameraMode":{"drawMode":0,"name":"Shaded","section":"Shading Mode"},"sceneLighting":true,"audioPlay":false,"sceneViewState":{"showFog":true,"showMaterialUpdate":false,"showSkybox":true,"showFlares":true,"showImageEffects":true,"showParticleSystems":true},"in2DMode":false,"pivot":{"x":-1.7024688720703126,"y":1.58984375,"z":-0.1884765625},"rotation":{"x":0.6295592188835144,"y":0.00440134247764945,"z":-0.0036190517712384464,"w":0.776931643486023},"size":14.522987365722657,"orthographic":true}