{"cameraMode":{"drawMode":0,"name":"Shaded","section":"Shading Mode"},"sceneLighting":true,"audioPlay":false,"sceneViewState":{"showFog":true,"showMaterialUpdate":false,"showSkybox":true,"showFlares":true,"showImageEffects":true,"showParticleSystems":true},"in2DMode":false,"pivot":{"x":1.900360107421875,"y":-0.4072265625,"z":-1.55078125},"rotation":{"x":-0.1583307981491089,"y":0.002957871649414301,"z":0.0005022779223509133,"w":0.987381637096405},"size":12.739724159240723,"orthographic":true}