{"cameraMode":{"drawMode":0,"name":"Shaded","section":"Shading Mode"},"sceneLighting":true,"audioPlay":false,"sceneViewState":{"showFog":true,"showMaterialUpdate":false,"showSkybox":true,"showFlares":true,"showImageEffects":true,"showParticleSystems":true},"in2DMode":false,"pivot":{"x":-7.597969055175781,"y":7.53661584854126,"z":-0.4959869384765625},"rotation":{"x":-0.1107732430100441,"y":0.002978953067213297,"z":0.00036470117629505694,"w":0.9938412308692932},"size":5.106592655181885,"orthographic":true}