{"cameraMode":{"drawMode":0,"name":"Shaded","section":"Shading Mode"},"sceneLighting":true,"audioPlay":false,"sceneViewState":{"showFog":true,"showMaterialUpdate":false,"showSkybox":true,"showFlares":true,"showImageEffects":true,"showParticleSystems":true},"in2DMode":false,"pivot":{"x":1.127960205078125,"y":0.7109375,"z":2.173828125},"rotation":{"x":0.6094257235527039,"y":0.01643865928053856,"z":-0.012568119913339615,"w":0.7925731539726257},"size":17.271770477294923,"orthographic":true}