{"cameraMode":{"drawMode":0,"name":"Shaded","section":"Shading Mode"},"sceneLighting":true,"audioPlay":false,"sceneViewState":{"showFog":true,"showMaterialUpdate":false,"showSkybox":true,"showFlares":true,"showImageEffects":true,"showParticleSystems":true},"in2DMode":false,"pivot":{"x":-2.7550048828125,"y":-2.98828125,"z":1.5986328125},"rotation":{"x":0.6509955525398254,"y":-0.003416012739762664,"z":0.002924170345067978,"w":0.7590682506561279},"size":16.52869415283203,"orthographic":true}