{"cameraMode":{"drawMode":0,"name":"Shaded","section":"Shading Mode"},"sceneLighting":true,"audioPlay":false,"sceneViewState":{"showFog":true,"showMaterialUpdate":false,"showSkybox":true,"showFlares":true,"showImageEffects":true,"showParticleSystems":true},"in2DMode":false,"pivot":{"x":-1.3367443084716797,"y":1.601465106010437,"z":-0.1376524269580841},"rotation":{"x":0.6295592188835144,"y":0.00440134247764945,"z":-0.0036190517712384464,"w":0.776931643486023},"size":17.48524284362793,"orthographic":true}