{"cameraMode":{"drawMode":0,"name":"Shaded","section":"Shading Mode"},"sceneLighting":true,"audioPlay":false,"sceneViewState":{"showFog":true,"showMaterialUpdate":false,"showSkybox":true,"showFlares":true,"showImageEffects":true,"showParticleSystems":true},"in2DMode":false,"pivot":{"x":-1.2964568138122559,"y":-0.09765625,"z":2.0286865234375},"rotation":{"x":0.7393682599067688,"y":0.03226034343242645,"z":-0.03551839292049408,"w":0.6715894341468811},"size":12.424784660339356,"orthographic":true}