{"cameraMode":{"drawMode":0,"name":"Shaded","section":"Shading Mode"},"sceneLighting":true,"audioPlay":false,"sceneViewState":{"showFog":true,"showMaterialUpdate":false,"showSkybox":true,"showFlares":true,"showImageEffects":true,"showParticleSystems":true},"in2DMode":false,"pivot":{"x":-3.3114013671875,"y":0.6728515625,"z":-1.005859375},"rotation":{"x":0.08838509768247605,"y":0.0005882411496713758,"z":0.0000559491163585335,"w":-0.9960862398147583},"size":28.3535213470459,"orthographic":true}