{"cameraMode":{"drawMode":0,"name":"Shaded","section":"Shading Mode"},"sceneLighting":true,"audioPlay":false,"sceneViewState":{"showFog":true,"showMaterialUpdate":false,"showSkybox":true,"showFlares":true,"showImageEffects":true,"showParticleSystems":true},"in2DMode":false,"pivot":{"x":0.9966278076171875,"y":1.343017578125,"z":-1.79296875},"rotation":{"x":-0.005996333435177803,"y":0.023998090997338296,"z":0.00018717530474532396,"w":0.9996939897537231},"size":7.195718765258789,"orthographic":true}